187,170,80,159,37,191,74,188,124,162,4,147,67,141,171,105,186,154,25,110,18,34,174,195,15,164,7,106,98,120,32,45,79,133,65,152,5,126,142,28,56,169,131,55,193,149,0,26,118,72,128,23,63,13,181,84,50,130,85,57,41,90,132,196,100,86,116,194,135,10,166,14,143,167,189,153,158,192,163,27,42,123,101,161,140,77,73,190,103,68,2,146,20,199,177,76,183,75,119,47,35,29,121,99,184,59,1,104,114,8,160,43,60,93,40,11,151,54,175,108,17,182,24,46,180,3,91,52,49,178,102,82,66,21,78,165,36,179,115,145,139,58,88,125,95,31,33,71,19,138,137,109,117,172,12,9,156,62,87,22,44,148,94,197,51,69,38,113,176,61,136,48,111,30,81,70,107,122,198,6,97,83,127,96,129,64,168,155,89,173,16,185,144,53,92,134,112,150,157,39
163,97,151,55,109,179,193,74,103,65,157,27,30,101,17,117,80,152,161,18,10,47,34,12,162,116,102,1,11,24,52,178,130,164,89,110,21,59,29,159,84,194,188,77,176,180,49,182,122,78,158,28,187,139,82,196,6,14,111,120,171,119,13,43,45,100,147,35,128,170,148,129,197,22,57,44,98,31,15,126,0,132,40,141,79,144,140,94,76,86,81,166,137,181,75,185,184,69,149,60,70,113,39,38,135,23,87,146,123,42,104,169,32,155,199,63,5,4,195,71,64,142,7,19,88,2,58,68,46,95,36,108,154,183,3,48,16,145,26,51,72,25,160,106,107,189,90,118,92,186,175,198,54,124,53,191,83,37,61,33,91,172,177,121,174,112,85,168,153,173,93,41,56,156,138,134,190,96,143,131,66,136,127,125,167,165,73,133,115,67,62,150,50,8,192,20,99,105,114,9
43,139,98,191,147,154,84,79,56,122,12,159,3,181,24,105,57,70,13,120,37,166,64,14,2,86,153,83,49,35,163,150,78,65,109,156,137,193,101,189,67,148,99,168,55,21,73,89,62,196,171,198,95,15,75,161,116,134,74,121,146,34,132,190,124,102,174,160,72,197,53,38,133,7,36,165,32,192,9,144,123,117,4,46,25,140,93,128,180,195,173,80,6,100,152,155,90,97,87,108,52,51,114,113,33,184,17,59,182,63,142,19,23,170,10,143,91,27,199,69,28,107,60,41,125,11,61,92,151,178,106,138,141,45,112,82,164,149,22,145,186,194,0,103,26,16,127,111,172,135,71,30,175,183,94,44,20,188,167,115,48,18,42,96,85,126,118,40,66,76,81,54,1,177,130,179,29,88,119,68,58,169,129,185,131,187,136,104,162,110,77,5,50,157,158,39,47,8,31,176
197,56,139,130,160,70,109,140,127,102,122,158,38,82,103,45,116,108,0,168,73,95,60,1,170,184,118,23,46,163,99,111,22,75,137,126,135,68,94,92,78,114,27,192,115,110,12,106,195,104,31,124,175,154,93,49,10,4,129,157,26,13,25,86,62,133,61,2,50,107,181,20,88,63,81,42,171,178,66,90,59,64,6,48,53,101,29,33,169,151,194,11,164,136,32,176,14,185,52,179,16,44,190,148,51,58,83,131,145,132,147,18,165,43,187,156,84,87,54,72,152,41,117,112,98,69,189,199,183,79,80,97,21,198,89,123,74,153,30,24,76,47,105,174,96,186,35,40,155,149,120,71,8,134,128,172,196,182,36,65,141,150,113,55,146,167,17,9,37,85,121,159,143,144,193,180,77,119,162,28,5,57,3,19,67,191,188,125,15,173,177,142,34,91,7,138,100,166,161,39
81,124,34,117,2,99,178,136,73,10,146,72,180,148,63,48,194,155,150,32,104,176,100,183,157,163,45,181,102,53,27,43,3,14,149,192,96,55,85,156,115,137,24,177,147,86,82,166,89,20,140,141,60,116,159,25,47,167,144,187,107,90,101,106,74,91,80,6,66,131,15,93,40,33,197,16,84,169,12,46,113,154,18,38,83,190,76,173,189,30,19,28,174,92,191,64,143,4,23,39,13,186,128,168,56,184,132,195,171,185,29,0,175,9,199,75,98,61,114,103,142,8,152,193,21,97,125,69,108,121,57,188,105,160,135,138,58,119,7,134,78,77,161,123,182,62,127,71,95,118,145,109,164,36,26,44,120,50,179,111,88,151,17,87,31,94,165,49,79,196,110,130,11,129,126,1,68,5,70,153,59,42,35,162,170,139,37,198,52,112,67,22,172,41,65,158,54,122,133,51
141,59,149,173,193,145,123,154,79,93,12,71,48,18,22,15,112,89,140,104,23,82,115,14,27,160,146,194,136,83,65,135,180,111,172,96,147,29,74,20,126,130,159,2,44,16,152,86,181,118,54,72,191,26,63,114,43,109,5,42,62,151,187,128,36,124,106,134,188,57,28,17,120,37,67,131,138,25,177,184,92,171,133,73,108,76,4,77,78,190,150,107,122,142,168,176,7,64,174,61,139,40,175,49,68,113,144,69,158,169,38,13,155,116,46,24,47,87,90,70,55,0,183,34,100,157,185,121,99,88,81,127,45,6,164,162,198,98,103,197,66,41,102,137,129,80,196,53,166,101,170,119,84,8,10,156,9,32,1,125,51,192,60,199,3,178,143,97,39,105,19,21,163,132,148,52,117,35,189,153,85,182,95,161,195,94,31,11,91,167,179,110,30,50,56,33,165,58,186,75
68,82,105,89,22,21,109,72,53,61,47,0,80,148,137,66,145,141,86,181,194,14,147,186,85,19,71,133,138,3,113,20,149,124,96,169,117,1,46,97,198,15,28,118,127,193,13,111,187,179,48,70,182,17,73,62,34,121,135,5,171,77,33,41,163,101,100,56,10,119,25,153,79,59,42,92,104,161,172,38,9,78,23,110,139,26,76,43,157,87,65,60,155,142,167,83,27,130,40,31,178,132,156,158,184,45,131,189,75,8,188,90,29,67,107,162,102,122,199,192,12,16,176,114,174,195,160,63,173,39,2,123,18,57,95,24,128,44,115,134,7,146,55,103,143,144,91,49,154,150,54,177,126,99,4,129,94,32,36,93,116,185,120,112,152,180,30,52,106,165,74,50,98,168,108,159,64,11,136,151,84,88,81,164,35,170,191,140,58,69,196,51,197,190,6,175,183,125,37,166
34,90,140,195,163,19,183,93,109,26,148,16,108,17,82,178,114,25,72,27,168,189,36,15,65,145,5,135,155,144,125,0,165,12,104,41,138,96,14,188,100,38,47,122,73,142,99,154,166,161,141,91,58,101,172,75,107,9,70,117,174,190,49,113,184,69,89,153,78,87,43,175,22,60,199,97,186,33,176,112,193,181,21,136,149,160,123,59,53,3,92,139,84,164,11,106,116,128,127,88,55,146,156,71,18,28,46,151,162,170,180,24,130,32,10,8,185,171,4,63,150,20,68,194,77,85,192,177,6,7,83,35,2,37,134,64,42,98,56,191,111,159,48,86,39,95,66,40,13,119,102,30,94,129,51,115,152,81,79,158,173,67,133,124,29,62,143,105,110,61,31,182,103,52,196,132,23,197,57,169,198,179,167,187,44,137,45,1,120,126,76,54,80,157,50,147,131,118,121,74
82,15,102,21,29,69,127,37,152,54,97,48,199,88,0,2,154,162,120,119,44,86,10,14,112,123,22,151,148,43,101,98,90,1,147,142,107,141,113,8,131,70,20,182,190,84,76,149,18,175,6,53,105,153,122,193,186,103,108,187,73,5,192,9,115,125,109,178,156,11,49,30,191,116,55,129,136,188,7,155,110,184,135,164,139,4,66,143,71,197,65,111,63,118,104,36,144,96,171,150,17,180,13,60,165,46,140,24,42,25,95,146,94,62,57,58,12,72,100,177,34,145,194,41,99,56,35,83,133,33,179,163,160,134,117,183,121,158,45,23,185,168,52,172,137,40,198,64,196,38,174,89,128,74,93,189,159,124,91,78,169,26,31,80,79,130,126,51,47,77,28,75,161,85,32,50,16,195,19,87,3,170,114,59,68,157,181,61,167,176,81,166,27,106,92,138,39,67,173,132
68,38,109,82,138,116,93,75,83,72,123,31,42,63,121,189,66,41,39,60,153,52,187,126,40,10,2,46,88,18,185,48,106,180,6,20,176,170,78,101,64,160,80,119,98,11,108,35,62,104,191,110,150,141,49,194,12,188,156,146,36,99,55,131,152,89,19,23,161,148,1,190,129,25,22,16,71,137,157,15,81,155,97,159,92,77,124,4,86,128,198,122,47,133,90,139,127,53,69,135,85,169,195,28,147,14,154,105,186,30,113,45,37,103,196,111,130,193,112,43,100,117,177,24,5,181,182,165,94,70,51,140,167,32,120,145,65,136,178,29,162,0,199,79,184,17,50,168,67,163,58,57,183,197,27,144,9,149,192,74,151,118,73,26,132,56,21,33,166,171,179,115,143,3,34,172,7,107,61,84,44,95,59,76,174,102,158,96,175,134,8,164,173,114,142,87,54,91,125,13
151,74,39,89,0,172,82,35,155,101,116,176,86,79,171,25,117,137,47,72,100,29,55,157,185,90,159,136,59,70,76,64,30,62,94,156,149,14,190,145,38,170,21,199,183,43,7,140,28,108,188,8,110,68,139,105,175,174,85,77,154,84,182,12,34,152,97,33,114,93,5,54,81,187,131,44,126,186,163,78,20,80,120,3,4,15,71,103,178,143,189,107,96,16,51,130,132,66,48,138,92,42,134,147,10,144,129,160,63,17,50,197,52,104,167,109,168,41,133,6,148,45,115,111,153,127,165,98,119,142,124,1,88,173,37,184,87,125,164,180,67,24,113,166,23,31,123,198,195,179,121,27,95,18,112,128,22,91,13,53,106,158,135,102,191,58,56,161,181,60,146,150,196,141,75,19,192,36,32,83,65,162,57,118,40,193,99,69,122,9,46,49,26,61,73,2,194,11,177,169
188,183,173,104,151,191,194,31,141,190,14,80,41,106,153,48,196,17,18,97,136,79,140,86,28,193,105,119,120,78,12,9,171,155,94,98,68,154,34,128,96,73,112,44,195,36,35,30,168,11,57,163,99,143,114,165,126,16,167,152,19,149,108,72,189,175,70,127,40,81,84,65,53,69,55,131,180,186,3,197,184,88,2,178,23,111,21,162,179,142,93,150,77,47,90,181,107,174,29,1,117,42,172,64,102,169,95,160,182,123,50,76,161,7,110,115,6,122,27,130,138,62,85,60,5,116,139,45,147,15,192,74,67,145,198,109,54,83,156,61,176,170,121,132,133,25,4,22,51,125,56,49,26,89,24,113,164,59,82,87,66,38,52,103,144,199,158,43,32,187,129,13,100,10,159,20,75,185,134,124,46,135,148,37,0,118,58,92,166,8,101,39,177,157,137,71,63,146,91,33
59,102,197,47,181,177,174,194,88,153,82,154,30,26,27,70,90,175,75,1,63,39,156,105,86,38,95,114,89,15,163,21,17,159,186,106,57,139,149,55,78,25,193,96,119,138,23,142,71,137,12,16,158,93,37,103,67,73,20,199,126,151,66,40,101,150,46,72,92,188,50,42,14,100,10,120,133,191,180,61,152,155,65,109,146,167,29,113,76,81,195,131,168,36,107,69,145,121,62,18,8,74,79,136,171,104,22,178,54,13,143,7,148,127,130,189,157,110,108,83,173,132,140,144,19,6,165,99,162,24,41,56,43,196,124,182,190,44,28,84,115,33,53,60,129,80,169,45,52,34,85,172,97,3,183,125,192,166,87,111,170,94,64,32,49,4,2,141,187,185,35,117,77,91,5,179,122,9,160,68,58,48,198,112,0,134,98,128,11,51,164,135,118,184,176,123,116,147,31,161
36,186,48,163,9,85,53,80,72,35,92,131,105,126,149,175,106,4,66,179,130,45,187,12,89,27,2,74,49,145,115,52,172,185,1,61,190,82,107,181,164,137,0,93,124,70,154,95,128,99,59,193,133,68,94,155,178,77,5,47,33,143,55,110,191,104,142,97,111,96,50,30,152,15,88,147,113,39,132,146,148,13,171,169,32,34,116,176,22,84,91,162,73,90,161,140,100,183,42,157,127,170,168,57,44,189,43,60,21,194,41,108,98,158,83,153,37,165,151,81,38,184,29,8,122,65,54,86,199,135,118,3,139,78,182,136,166,125,173,114,16,177,40,26,18,17,129,180,101,188,51,87,69,167,156,197,67,160,138,195,123,109,119,6,121,62,24,14,134,79,10,103,20,46,112,150,198,120,76,63,23,144,192,56,19,141,102,117,159,58,31,174,7,28,75,71,11,25,196,64
43,77,133,154,99,196,70,82,89,150,18,172,185,117,21,94,114,93,160,44,188,153,184,111,0,132,107,165,85,16,63,84,119,108,35,182,161,109,176,53,140,68,157,131,11,102,66,166,175,6,128,151,95,1,170,139,56,78,124,31,197,86,76,126,181,47,130,116,61,40,141,27,81,167,168,22,83,190,146,134,159,136,26,192,186,103,177,30,28,45,75,58,2,173,105,163,67,14,9,52,101,42,65,79,106,162,104,25,189,10,23,80,158,156,152,135,64,87,143,112,15,164,180,195,155,20,96,41,145,113,187,144,33,148,3,198,4,46,34,60,191,193,7,123,59,129,178,62,97,92,149,183,88,17,32,54,118,24,74,12,19,127,38,39,179,73,110,29,50,115,98,194,37,51,13,120,49,174,36,147,199,169,69,90,8,122,48,100,171,55,125,138,91,121,5,57,71,72,137,142
33,197,116,43,154,108,124,138,178,98,34,86,14,177,1,128,55,82,64,145,93,63,133,90,75,171,136,193,166,77,29,111,25,85,164,46,5,3,40,102,4,19,7,91,12,120,73,161,150,78,2,122,56,148,189,168,61,186,131,141,54,39,42,48,191,69,147,196,74,99,23,149,173,140,89,169,72,57,109,104,21,44,198,65,62,185,132,92,151,68,100,126,118,10,27,184,31,45,113,105,160,67,18,181,20,60,15,66,159,187,8,87,174,94,96,114,30,188,11,88,83,71,134,167,37,24,130,119,79,179,143,125,80,115,162,51,175,35,81,195,95,76,158,192,58,190,153,112,13,28,84,180,0,101,172,52,129,146,70,6,142,199,41,123,110,97,59,106,17,182,183,155,156,50,16,117,170,103,163,47,49,32,127,165,107,176,38,9,157,26,121,53,139,144,152,137,22,36,135,194
105,75,80,32,69,188,147,68,179,159,110,141,71,155,193,199,62,82,22,135,29,148,161,132,154,122,109,73,14,23,10,153,72,25,126,3,41,48,115,168,43,78,128,89,174,2,98,197,166,12,27,79,60,38,87,39,63,53,106,11,36,9,182,47,123,130,186,181,51,136,15,173,34,111,133,64,66,0,5,184,172,19,40,142,1,16,93,52,167,139,103,76,92,175,127,143,137,58,118,84,157,108,169,162,70,191,177,91,57,145,46,152,65,156,77,107,42,21,35,129,99,6,140,59,88,30,163,121,113,100,144,74,150,85,198,18,90,158,112,8,196,4,185,81,96,192,190,94,50,149,125,189,187,83,7,24,170,119,165,195,124,37,49,176,102,33,160,95,104,97,117,138,178,116,183,171,45,134,13,28,54,67,114,146,20,44,101,61,120,56,180,86,164,31,17,194,131,55,151,26
