12,68,147,184,110,167,41,99,111,181,85,144,11,174,1,193,64,30,87,115,43,14,105,117,75,145,29,162,150,52,160,77,139,58,18,146,42,123,62,141,187,55,172,98,103,82,48,161,113,106,152,107,24,39,60,0,26,128,126,122,10,44,25,135,92,4,151,124,54,132,31,179,70,69,79,81,101,33,97,63,114,180,182,199,78,91,13,178,158,28,21,96,100,140,74,2,125,45,183,133,136,131,143,112,38,95,37,84,72,23,120,89,46,170,15,73,7,59,148,80,86,134,104,47,32,35,191,116,197,168,142,71,19,65,159,157,16,195,9,119,36,90,156,83,163,94,40,76,51,194,138,171,27,50,102,190,188,57,6,53,137,153,189,165,8,61,130,118,56,5,129,49,88,155,109,34,20,186,17,169,93,154,177,121,175,149,173,192,166,164,108,22,196,127,198,185,67,66,176,3
90,109,167,38,91,72,22,131,75,113,163,21,122,34,64,1,56,30,116,130,159,25,44,81,14,182,70,189,36,186,188,132,95,126,5,35,23,121,124,174,73,32,97,156,153,84,169,197,8,162,93,33,192,145,69,195,54,157,74,15,101,172,83,13,123,86,180,29,16,110,152,140,63,135,141,155,37,187,138,24,198,61,20,47,129,128,133,71,94,89,191,46,87,117,18,102,42,99,65,11,147,0,96,127,106,194,199,59,143,80,150,114,151,82,112,50,9,100,160,142,148,170,6,164,179,92,7,146,103,28,136,111,68,67,177,85,168,139,134,57,66,149,107,78,144,48,76,77,119,173,79,193,62,178,43,176,60,183,137,17,166,2,154,171,19,55,190,53,49,52,118,181,41,185,175,120,58,158,4,40,10,105,27,104,196,125,45,3,115,51,12,26,31,165,184,88,98,39,108,161
109,52,170,178,87,148,99,149,70,12,194,15,162,95,72,55,9,186,153,66,181,62,145,45,68,21,44,47,150,143,114,124,126,168,40,157,18,26,185,169,189,96,5,80,91,136,42,188,25,104,3,154,10,147,161,172,97,43,75,142,11,39,115,176,94,20,82,78,127,49,89,106,173,71,152,195,13,193,171,36,165,33,73,199,132,111,128,76,120,63,88,118,38,105,130,48,108,67,74,57,125,167,1,65,121,192,110,123,27,187,31,155,112,53,92,144,23,138,84,6,2,141,103,139,8,54,131,90,184,69,19,174,100,191,7,129,101,81,56,17,28,179,133,146,41,0,60,175,113,34,190,50,107,58,158,83,163,30,46,117,85,35,159,166,4,119,151,140,180,156,164,64,102,32,14,29,86,51,160,196,79,37,134,137,177,122,93,98,135,197,116,198,16,183,77,182,24,61,59,22
35,194,151,37,22,82,61,184,75,127,157,181,53,165,115,19,96,27,55,10,85,193,56,164,31,188,33,185,58,70,66,42,43,160,182,179,4,52,47,80,117,89,17,62,86,79,191,25,145,130,1,81,3,116,132,50,16,105,60,113,171,51,6,32,98,76,97,40,5,54,71,149,44,23,119,28,99,111,14,48,158,36,109,190,152,122,69,9,156,24,7,126,83,133,46,197,29,20,136,11,199,198,112,106,78,189,87,161,142,155,2,120,26,108,15,34,129,73,102,153,65,187,30,124,159,77,183,121,100,146,178,141,154,101,147,137,114,163,41,170,107,72,125,143,0,175,67,38,13,169,118,88,148,172,128,134,21,94,68,84,8,39,166,139,18,176,104,174,91,95,49,123,45,90,173,195,92,57,196,186,168,144,12,177,110,103,135,63,131,150,192,180,93,59,167,140,162,138,64,74
150,86,146,55,102,72,130,74,162,180,106,189,136,109,53,194,42,124,22,137,197,69,20,188,62,126,171,51,64,131,33,48,199,135,88,0,81,82,12,27,172,117,187,89,52,56,179,155,99,44,116,173,122,178,132,190,35,142,65,43,19,114,103,14,3,57,138,97,110,153,120,145,161,143,167,123,174,182,34,152,133,80,105,59,11,77,40,38,47,9,37,66,195,129,141,159,125,78,111,149,15,26,158,45,163,101,85,193,90,160,39,185,87,84,54,118,198,183,23,29,113,13,70,6,16,176,32,168,192,79,177,10,1,115,166,17,30,104,61,144,107,175,139,91,191,93,18,73,170,96,196,95,76,50,108,63,60,100,21,68,83,121,184,25,8,36,186,24,31,5,98,169,157,128,164,112,165,46,140,28,67,147,134,154,92,94,148,2,119,71,49,75,151,127,181,4,58,7,41,156
130,148,67,89,193,48,150,60,93,25,139,133,182,156,75,174,195,113,11,149,107,108,178,123,158,55,28,131,6,192,188,78,116,83,154,70,187,126,69,27,135,35,84,38,127,47,173,87,105,145,63,15,31,66,82,49,62,109,171,157,14,1,185,2,111,56,36,118,101,162,17,138,99,194,140,54,170,114,12,40,92,39,29,147,196,153,19,85,152,44,115,134,132,94,52,155,74,73,122,184,57,4,41,100,50,104,186,160,142,103,106,117,5,144,9,102,95,42,76,176,189,46,198,146,169,65,18,124,64,33,181,20,58,167,81,165,34,163,96,199,86,183,128,43,53,0,77,129,30,141,68,98,197,177,179,79,7,37,51,10,8,180,3,161,151,88,59,164,91,120,110,24,16,137,80,71,125,136,23,90,22,121,45,159,72,32,168,143,166,172,175,61,119,112,21,191,190,97,13,26
102,10,100,15,161,170,31,56,152,40,61,70,98,187,54,32,169,76,160,186,150,135,89,168,116,193,14,125,110,119,53,27,172,114,30,166,194,153,106,21,65,132,82,12,48,188,39,121,9,59,140,192,133,179,163,4,128,111,24,165,105,67,72,142,78,6,46,42,145,139,71,55,148,196,26,109,28,62,60,43,195,115,20,124,190,122,138,0,44,141,5,23,136,64,88,36,113,77,197,199,50,129,38,181,157,131,34,151,90,73,8,68,95,35,185,22,63,103,175,134,19,84,66,17,101,11,3,81,184,164,45,171,123,47,126,13,118,154,52,86,92,80,143,156,174,18,33,180,183,112,147,173,146,120,99,93,162,158,7,117,149,25,94,51,127,1,198,41,75,178,167,97,79,37,130,108,144,74,104,176,87,58,91,159,155,182,2,49,137,83,85,189,177,57,69,16,107,29,191,96
149,16,91,75,145,187,38,141,155,56,115,176,54,109,154,133,174,26,63,134,82,53,102,76,14,42,114,77,116,99,108,152,60,59,167,87,195,15,85,74,12,190,104,193,127,178,67,72,171,19,47,147,30,135,143,4,27,64,34,192,163,197,49,162,140,94,98,131,1,29,169,194,157,181,177,7,79,25,122,168,83,161,52,199,126,95,183,93,172,31,144,117,105,18,24,166,55,119,113,23,128,57,92,51,186,136,120,33,2,107,138,148,39,196,17,156,100,78,164,40,84,139,50,180,90,165,101,0,175,10,96,185,8,151,81,6,173,35,158,71,9,20,13,36,61,106,86,111,58,46,142,21,129,189,153,188,37,41,118,68,69,159,11,73,70,65,170,3,43,5,125,124,179,103,44,88,132,130,137,110,48,32,184,121,62,198,146,97,182,89,28,112,22,191,45,160,123,150,66,80
130,29,36,18,20,65,126,35,172,141,90,47,117,1,176,52,56,125,41,119,8,15,180,194,9,16,17,149,58,163,69,14,189,151,51,132,197,92,179,139,184,37,71,193,82,191,55,185,156,99,137,160,102,43,181,107,7,10,93,164,145,97,76,131,153,183,5,187,128,87,42,61,70,19,75,4,85,68,115,136,23,48,13,140,146,171,169,84,152,174,106,78,127,83,105,27,134,89,143,199,32,192,31,91,167,22,40,124,165,178,108,57,110,3,86,188,109,116,138,96,30,162,11,80,28,114,159,120,94,177,81,44,88,54,26,6,98,21,182,101,104,63,122,196,154,25,118,111,24,157,150,123,95,175,155,113,66,166,39,148,53,195,79,161,100,133,72,34,186,59,33,45,50,173,38,73,67,64,103,77,0,60,49,147,190,144,2,198,168,129,170,62,135,112,121,74,142,46,158,12
31,136,197,130,44,113,80,83,7,18,5,173,61,64,184,160,86,117,155,196,12,70,89,60,30,56,131,69,85,123,193,65,68,181,63,116,182,75,146,4,11,150,24,67,57,143,32,169,125,172,152,93,121,107,66,10,165,2,88,77,35,178,72,148,156,22,151,40,28,145,115,108,133,74,154,52,176,124,21,17,109,112,183,159,135,26,43,6,34,76,105,98,42,16,84,47,73,174,27,51,192,171,45,23,191,111,142,38,127,1,29,162,9,186,79,46,170,33,118,78,99,149,13,92,126,180,199,104,198,139,189,134,97,137,20,14,101,167,3,157,0,120,140,90,195,144,164,25,175,96,59,62,55,179,188,185,110,163,122,81,147,82,106,129,95,166,49,114,58,190,71,153,141,194,15,50,8,103,48,87,119,94,53,128,54,36,132,19,161,158,187,138,39,100,102,37,168,41,177,91
12,30,152,71,34,90,161,157,158,47,48,74,45,93,113,15,100,58,20,16,25,77,75,133,36,82,103,41,106,121,155,196,18,123,197,0,132,145,40,116,63,193,109,184,26,55,181,163,21,104,98,167,160,177,140,199,32,31,81,153,195,189,83,89,65,187,43,146,126,148,112,130,14,76,169,27,38,42,73,144,124,29,4,190,178,92,94,147,51,164,118,188,134,99,68,171,67,105,176,139,185,194,44,110,129,115,156,7,179,80,8,131,174,62,22,138,97,35,183,182,24,136,198,127,19,60,88,72,175,78,3,172,59,11,96,107,149,162,57,173,120,117,17,9,166,108,125,151,170,79,2,101,50,86,66,1,64,23,28,122,165,180,119,135,154,13,6,159,52,141,53,102,150,85,186,46,5,192,54,143,95,191,114,70,84,49,137,61,168,111,69,10,56,37,128,87,33,39,142,91
15,26,149,139,90,119,150,135,147,64,146,56,82,159,155,36,83,137,115,102,69,161,80,171,79,65,99,167,114,57,34,77,154,131,88,199,181,78,28,124,72,148,84,104,93,108,116,195,43,0,142,132,73,41,166,138,110,187,52,85,5,180,14,42,13,27,160,47,197,184,172,122,25,170,32,176,143,62,9,55,198,95,40,70,63,175,33,136,128,50,103,38,67,106,164,144,111,186,75,153,48,169,68,109,178,123,22,157,196,113,31,141,173,37,125,107,3,7,189,130,66,183,192,81,158,120,8,71,145,140,133,30,98,156,91,4,1,89,94,35,105,162,20,86,60,182,21,11,45,174,76,177,39,87,165,190,134,163,168,121,127,117,129,96,19,152,53,17,151,2,49,126,194,188,58,118,46,10,191,16,29,101,54,193,12,92,18,100,185,59,97,44,24,51,6,112,74,179,61,23
